Альтернативные науки и научные теории,Альтернативные науки
Альтернативная история,Альтернативные науки
Астрология и хиромантия,Альтернативные науки
Деловая литература,Бизнес
"Маркетинг, PR",Бизнес
"Карьера, кадры",Бизнес
Финансы,Бизнес
Биографии и Мемуары,Биографии и мемуары
Биографии и мемуары,Биографии и мемуары
"Биология, биофизика, биохимия ",Биология
Военная история,Военное дело
Военная документалистика и аналитика,Военное дело
"Военное дело, военная техника и вооружение",Военное дело
Военное дело,Военное дело
Путешествия и география,География
"Путеводители, карты, атласы ",География
Геология и география,География
"География, путевые заметки",География
Востоковедение,География
Детективы,Детектив
Классический детектив,Детектив
Шпионский детектив,Детектив
Политический детектив,Детектив
Исторический детектив,Детектив
Криминальный детектив,Детектив
Полицейский детектив,Детектив
"Иронический детектив, дамский детективный роман",Детектив
Крутой детектив,Детектив
Детская образовательная литература,Детям
Приключения для детей и подростков,Детям
Детская литература,Детям
Проза для детей,Детям
Стихи для детей,Детям
Детская остросюжетная литература,Детям
Классическая детская литература,Детям
"Игры, упражнения для детей",Детям
Кулинария,Домоводство
Домашние животные,Домоводство
Сад и огород,Домоводство
Семейные отношения,Домоводство
Домоводство,Домоводство
"Семейные отношения, секс",Домоводство
Древневосточная литература,Древности
Европейская старинная литература,Древности
Античная литература,Древности
Древнерусская литература,Древности
antique,Древности
Юриспруденция,Закон
Государство и право,Закон
Автомобили и ПДД,Закон
"Зарубежная компьютерная, околокомпьютерная литература ",Информатика
"Программирование, программы, базы данных",Информатика
"ОС и Сети, интернет",Информатика
"Компьютерное `железо` (аппаратное обеспечение), цифровая обработка сигналов",Информатика
Критика,Искусство
Кино,Искусство
Музыка,Искусство
Искусствоведение,Искусство
Искусство и Дизайн,Искусство
Скульптура и архитектура,Искусство
Драматургия,Искусство
Театр,Искусство
"Живопись, альбомы, иллюстрированные каталоги",Искусство
Мировая художественная культура,Искусство
Партитуры,Искусство
Сценарий,Искусство
Драма,Искусство
Комиксы,Искусство
История,История
Культурология,Культурология
Литературоведение,Литературоведение
Современные любовные романы,Любовные романы
Исторические любовные романы,Любовные романы
Любовные романы,Любовные романы
Остросюжетные любовные романы,Любовные романы
Короткие любовные романы,Любовные романы
"Роман, повесть",Любовные романы
Математика,Математика
Медицина,Медицина
Альтернативная медицина,Медицина
Здоровье,Медицина
Ветеринария,Медицина
Мифы. Легенды. Эпос,Народное
"Былины, эпопея",Народное
"Фольклор, загадки folklore",Народное
"Афоризмы, цитаты",Народное
Научная литература,Наука
Научная Фантастика,Научная фантастика
Космическая фантастика,Научная фантастика
Неотсортированное,Неотсортированное
"Экспериментальная, неформатная проза",Неформат
"Учебные пособия, самоучители",Образование
"Зарубежная образовательная литература, зарубежная прикладная,  научно-популярная  литература",Образование
Учебники и пособия,Образование
"Педагогика, воспитание детей, литература для родителей ",Образование
Учебники и пособия для среднего и специального образования,Образование
"Школьные учебники и пособия, рефераты, шпаргалки",Образование
Учебники и пособия ВУЗов,Образование
Ужасы,Остросюжетное
Контркультура,Остросюжетное
Триллер,Остросюжетное
Про маньяков,Остросюжетное
Боевик,Остросюжетное
Политика,Политика
Поэзия,Поэзия
"Поэма, эпическая поэзия",Поэзия
Народные песни,Поэзия
Песенная поэзия,Поэзия
Классическая поэзия,Поэзия
Современная русская поэзия,Поэзия
Современная поэзия,Поэзия
Классическая русская поэзия,Поэзия
Исторические приключения,Приключения
Морские приключения,Приключения
"Вестерн, про индейцев ",Приключения
Приключения,Приключения
Природа и животные,Природа
Зоология,Природа
Ботаника,Природа
Экология,Природа
Современная русская и зарубежная проза,Проза
Историческая проза,Проза
Классическая проза ХX века,Проза
Проза о войне,Проза
Советская классическая проза,Проза
Русская классическая проза,Проза
Проза,Проза
"Малые литературные формы прозы рассказы, эссе, новеллы, феерия",Проза
Эпистолярная проза,Проза
Классическая проза,Проза
Средневековая классическая проза,Проза
Психология и психотерапия,Психология
Публицистика,Публицистика
Документальная литература,Публицистика
"Журналы, газеты ",Публицистика
Религиоведение,Религиоведение
Христианство,Религиоведение
Православие,Религиоведение
Буддизм,Религиоведение
Ислам,Религиоведение
Язычество,Религиоведение
Иудаизм,Религиоведение
Протестантизм,Религиоведение
Индуизм,Религиоведение
Католицизм,Религиоведение
"Религия, религиозная литература",Религия
Руководства,Руководства
"Самиздат, сетевая литература",Самиздат
Самосовершенствование,Самосовершенствование
Сказки народов мира,Сказки
Народные сказки,Сказки
Русские сказки,Сказки
"Обществознание, социология",Социология
Эротическая литература,Социология
Порно,Социология
Справочники,Справочники
Справочная литература,Справочники
Словари,Справочники
Транспорт и авиация,Техника
История техники,Техника
Металлургия,Техника
Технические науки,Технические науки
Радиоэлектроника,Технические науки
Строительство и сопромат,Технические науки
Хобби и ремесла,Увлечения
"Боевые искусства, спорт ",Увлечения
Развлечения,Увлечения
Сделай сам,Увлечения
Коллекционирование,Увлечения
Социально-психологическая фантастика,Фантастика
Боевая фантастика,Фантастика
Героическая фантастика,Фантастика
Юмористическая фантастика,Фантастика
Эпическая фантастика,Фантастика
Детективная фантастика,Фантастика
Киберпанк,Фантастика
Постапокалипсис,Фантастика
Физика,Физика
Астрономия и Космос,Физика
Философия,Философия
Химия,Химия
"Эзотерика, эзотерическая литература ",Эзотерика
Экономика,Экономика
Энциклопедии,Энциклопедии
Анекдоты,Юмор
Юмор,Юмор
Юмористическая проза,Юмор
Комедия,Юмор
"Юмористические стихи, басни ",Юмор
"Языкознание, иностранные языки",Языкознание